timestamp,value
2022-10-25 15:26:01,2.091299342403181
2022-10-25 15:27:01,5.068124536972857
2022-10-25 15:28:01,1.9993044720310695
2022-10-25 15:29:01,-3.054721742546169
2022-10-25 15:30:01,2.060920130620038
2022-10-25 15:31:01,2.069190067009843
2022-10-25 15:32:01,6.431396345888727
2022-10-25 15:33:01,6.740563189989049
2022-10-25 15:34:01,6.897034216763049
2022-10-25 15:35:01,7.061044596843229
2022-10-25 15:36:01,7.134634886836718
2022-10-25 15:37:01,7.05650892584265
2022-10-25 15:38:01,6.900150520746915
2022-10-25 15:39:01,6.762610624481029
2022-10-25 15:40:01,6.406565714930072
2022-10-25 15:41:01,7.97200378135532
2022-10-25 15:42:01,9.084007211413295
2022-10-25 15:43:01,9.858899945298315
2022-10-25 15:44:01,10.058840592683396
2022-10-25 15:45:01,9.835975500090903
2022-10-25 15:46:01,9.077233672571552
2022-10-25 15:47:01,7.985169413659713
2022-10-25 15:48:01,6.390294790137536
2022-10-25 15:49:01,2.002920953709195
2022-10-25 15:50:01,2.006511498302096
2022-10-25 15:51:01,1.9980543773540185
2022-10-25 15:52:01,1.973507928613724
2022-10-25 15:53:01,1.9575073530657332
2022-10-25 15:54:01,2.0347026819760106
2022-10-25 15:55:01,2.073807846339683
2022-10-25 15:56:01,6.34729384024024
2022-10-25 15:57:01,6.662993956053225
2022-10-25 15:58:01,6.897205847601029
2022-10-25 15:59:01,7.015174207721604
2022-10-25 16:00:01,7.090187946204277
2022-10-25 16:01:01,7.086345234294255
2022-10-25 16:02:01,6.89067820813664
2022-10-25 16:03:01,6.73677943204628
2022-10-25 16:04:01,6.35290862303056
2022-10-25 16:05:01,7.941761023397738
2022-10-25 16:06:01,9.077430931814876
2022-10-25 16:07:01,9.840269555924175
2022-10-25 16:08:01,10.02198133192948
2022-10-25 16:09:01,9.787460781677389
2022-10-25 16:10:01,9.10968076984297
2022-10-25 16:11:01,7.909409825624865
2022-10-25 16:12:01,6.38756200373292
2022-10-25 16:13:01,2.0916956247813028
2022-10-25 16:14:01,2.0083303224079763
2022-10-25 16:15:01,2.0096099351484438
2022-10-25 16:16:01,1.9522128394210283
2022-10-25 16:17:01,1.9424056104898348
2022-10-25 16:18:01,2.001935655287415
2022-10-25 16:19:01,1.99212472466853
2022-10-25 16:20:01,6.376606696733758
2022-10-25 16:21:01,6.697289589105105
2022-10-25 16:22:01,6.899519350475246
2022-10-25 16:23:01,7.042019106094551
2022-10-25 16:24:01,7.093310846389717
2022-10-25 16:25:01,6.996189517833026
2022-10-25 16:26:01,6.874754614348565
2022-10-25 16:27:01,6.6250326229981065
2022-10-25 16:28:01,6.386759578859008
2022-10-25 16:29:01,7.951109359839227
2022-10-25 16:30:01,9.14093343409213
2022-10-25 16:31:01,9.83258736908777
2022-10-25 16:32:01,10.116809314307677
2022-10-25 16:33:01,9.838465544261048
2022-10-25 16:34:01,9.099574251117224
2022-10-25 16:35:01,7.910901413378953
2022-10-25 16:36:01,6.326631751234661
2022-10-25 16:37:01,2.074234365254931
2022-10-25 16:38:01,2.00353851607638
2022-10-25 16:39:01,2.025145806675509
2022-10-25 16:40:01,1.947434792430981
2022-10-25 16:41:01,2.056439361869983
2022-10-25 16:42:01,1.9978273368350212
2022-10-25 16:43:01,2.017006544227728
2022-10-25 16:44:01,6.392062268385992
2022-10-25 16:45:01,6.696204313813803
2022-10-25 16:46:01,6.9016938702112025
2022-10-25 16:47:01,7.017457444299087
2022-10-25 16:48:01,7.022131916601376
2022-10-25 16:49:01,7.008865387598366
2022-10-25 16:50:01,6.936179717255184
2022-10-25 16:51:01,6.6649325152391485
2022-10-25 16:52:01,6.347300904045029
2022-10-25 16:53:01,7.898275807390975
2022-10-25 16:54:01,9.094469888680482
2022-10-25 16:55:01,9.805030454968314
2022-10-25 16:56:01,10.068151538784344
2022-10-25 16:57:01,9.803931364275686
2022-10-25 16:58:01,9.127577335063547
2022-10-25 16:59:01,7.944899896415527
2022-10-25 17:00:01,6.465659631836385
2022-10-25 17:01:01,2.02702135427985
2022-10-25 17:02:01,1.9975232222934256
2022-10-25 17:03:01,2.019936323111502
2022-10-25 17:04:01,1.988588407931048
2022-10-25 17:05:01,1.9562639441682608
2022-10-25 17:06:01,2.0229180014529207
2022-10-25 17:07:01,2.050602506602288
2022-10-25 17:08:01,6.3456184968646205
2022-10-25 17:09:01,6.672485761847966
2022-10-25 17:10:01,6.910435015685812
2022-10-25 17:11:01,7.077240245192955
2022-10-25 17:12:01,7.098109661771361
2022-10-25 17:13:01,7.017008409413602
2022-10-25 17:14:01,6.883635140572539
2022-10-25 17:15:01,6.716190761749531
2022-10-25 17:16:01,6.32695415707041
2022-10-25 17:17:01,7.90664796351528
2022-10-25 17:18:01,9.140343138369072
2022-10-25 17:19:01,9.837646252917478
2022-10-25 17:20:01,10.054721472697638
2022-10-25 17:21:01,9.79275713132507
2022-10-25 17:22:01,9.123411749436636
2022-10-25 17:23:01,7.933443460260227
2022-10-25 17:24:01,6.393494257361567
2022-10-25 17:25:01,2.0506271537494665
2022-10-25 17:26:01,2.011942300428702
2022-10-25 17:27:01,1.9880032155504173
2022-10-25 17:28:01,1.938067342265096
2022-10-25 17:29:01,1.9546512039649704
2022-10-25 17:30:01,2.029608606493613
2022-10-25 17:31:01,2.0564160317474176
2022-10-25 17:32:01,6.41183083786719
2022-10-25 17:33:01,6.67536458707651
2022-10-25 17:34:01,6.928616009494415
2022-10-25 17:35:01,7.023664428806412
2022-10-25 17:36:01,7.117150648984412
2022-10-25 17:37:01,7.012460012395917
2022-10-25 17:38:01,6.890057540388963
2022-10-25 17:39:01,6.688650289771075
2022-10-25 17:40:01,6.42609797020748
2022-10-25 17:41:01,7.930758085466442
2022-10-25 17:42:01,9.100129410657232
2022-10-25 17:43:01,9.81792905146043
2022-10-25 17:44:01,10.086459143827778
2022-10-25 17:45:01,9.827632813764335
2022-10-25 17:46:01,9.075625749909896
2022-10-25 17:47:01,7.935862993902875
2022-10-25 17:48:01,6.405514981309982
2022-10-25 17:49:01,2.1108369211257583
2022-10-25 17:50:01,1.989608758735375
2022-10-25 17:51:01,1.9611199687535457
2022-10-25 17:52:01,1.9870991978873391
2022-10-25 17:53:01,1.9565941008219143
2022-10-25 17:54:01,1.9759039412826624
2022-10-25 17:55:01,1.997469797885053
2022-10-25 17:56:01,6.3780653205188
2022-10-25 17:57:01,6.671398639501147
2022-10-25 17:58:01,6.868097768875951
2022-10-25 17:59:01,7.028213601055822
2022-10-25 18:00:01,7.008060568249941
2022-10-25 18:01:01,8.627456935211848
2022-10-25 18:02:01,8.151570850431662
2022-10-25 18:03:01,7.691054139716853
2022-10-25 18:04:01,7.226595422714173
2022-10-25 18:05:01,8.58979802123637
2022-10-25 18:06:01,9.597757086593612
2022-10-25 18:07:01,10.257541882876788
2022-10-25 18:08:01,10.456519433866031
2022-10-25 18:09:01,10.064885307374391
2022-10-25 18:10:01,9.334352052362911
2022-10-25 18:11:01,8.068905393098094
2022-10-25 18:12:01,6.572644080398844
2022-10-25 18:13:01,2.1282846853141675
2022-10-25 18:14:01,2.0730626860375017
2022-10-25 18:15:01,2.0910661321839843
2022-10-25 18:16:01,2.0567934296465533
2022-10-25 18:17:01,2.011327970457377
2022-10-25 18:18:01,2.048360899884509
2022-10-25 18:19:01,2.0486208673660005
2022-10-25 18:20:01,6.377181683066227
2022-10-25 18:21:01,6.71869001531559
2022-10-25 18:22:01,6.911383083690787
2022-10-25 18:23:01,7.019918364403865
2022-10-25 18:24:01,7.128425631170192
2022-10-25 18:25:01,7.016821985914162
2022-10-25 18:26:01,6.917964108901627
2022-10-25 18:27:01,6.732228241722667
2022-10-25 18:28:01,6.39868129138252
2022-10-25 18:29:01,7.914706651271287
2022-10-25 18:30:01,9.112242876482153
2022-10-25 18:31:01,9.847171273804486
2022-10-25 18:32:01,10.108146311851815
2022-10-25 18:33:01,9.889011815950782
2022-10-25 18:34:01,9.088307059493008
2022-10-25 18:35:01,7.9405909768814755
2022-10-25 18:36:01,6.365424734090248
2022-10-25 18:37:01,2.062717538426827
2022-10-25 18:38:01,2.015732055344428
2022-10-25 18:39:01,1.9831397315869004
2022-10-25 18:40:01,1.9623200602812785
2022-10-25 18:41:01,1.9780077198408728
2022-10-25 18:42:01,2.017224888877032
2022-10-25 18:43:01,2.013597597870743
2022-10-25 18:44:01,6.394068096519739
2022-10-25 18:45:01,6.696353340967623
2022-10-25 18:46:01,6.862347622219249
2022-10-25 18:47:01,7.006110083038838
2022-10-25 18:48:01,7.061155802532261
2022-10-25 18:49:01,7.0847542086261885
2022-10-25 18:50:01,6.883729989176507
2022-10-25 18:51:01,6.69435000517175
2022-10-25 18:52:01,6.372287594798212
2022-10-25 18:53:01,7.911340334867488
2022-10-25 18:54:01,9.058587863927652
2022-10-25 18:55:01,9.852602781485745
2022-10-25 18:56:01,10.041465128306047
2022-10-25 18:57:01,9.859778768453516
2022-10-25 18:58:01,9.116004319448354
2022-10-25 18:59:01,7.932593884818044
2022-10-25 19:00:01,6.432002483378612
2022-10-25 19:01:01,2.136249376711292
2022-10-25 19:02:01,2.0250753164369426
2022-10-25 19:03:01,1.9555090944640057
2022-10-25 19:04:01,2.0262081152825058
2022-10-25 19:05:01,1.9947717576485968
2022-10-25 19:06:01,2.074238223055976
2022-10-25 19:07:01,2.028204221507534
2022-10-25 19:08:01,6.442569743697252
2022-10-25 19:09:01,6.696699415600255
2022-10-25 19:10:01,6.989106302981559
2022-10-25 19:11:01,7.030082896682489
2022-10-25 19:12:01,7.17189886878146
2022-10-25 19:13:01,7.051803676842343
2022-10-25 19:14:01,6.93496934238954
2022-10-25 19:15:01,6.747948000851748
2022-10-25 19:16:01,6.380790649831496
2022-10-25 19:17:01,7.964627708914068
2022-10-25 19:18:01,9.093960772518038
2022-10-25 19:19:01,9.83795484622325
2022-10-25 19:20:01,10.084652775324994
2022-10-25 19:21:01,9.85067166729925
2022-10-25 19:22:01,9.118805032503444
2022-10-25 19:23:01,7.918533148839681
2022-10-25 19:24:01,6.408481157042861
2022-10-25 19:25:01,1.9740577081055608
2022-10-25 19:26:01,2.041389700008484
2022-10-25 19:27:01,2.0408645094923616
2022-10-25 19:28:01,1.9881920976401608
2022-10-25 19:29:01,1.9419436820953533
2022-10-25 19:30:01,2.0341290992555323
2022-10-25 19:31:01,2.021408967008809
2022-10-25 19:32:01,6.410517381368442
2022-10-25 19:33:01,6.7182059790008495
2022-10-25 19:34:01,6.926734648615857
2022-10-25 19:35:01,7.071893343708592
2022-10-25 19:36:01,7.087177064925444
2022-10-25 19:37:01,7.044746638531897
2022-10-25 19:38:01,6.932601056482371
2022-10-25 19:39:01,6.695733240065559
2022-10-25 19:40:01,6.384723234312909
2022-10-25 19:41:01,7.950052419119573
2022-10-25 19:42:01,9.069814577365786
2022-10-25 19:43:01,9.831931697784642
2022-10-25 19:44:01,10.04176478242504
2022-10-25 19:45:01,9.817792139321275
2022-10-25 19:46:01,9.08843647260151
2022-10-25 19:47:01,7.907199732382439
2022-10-25 19:48:01,6.438688727886703
2022-10-25 19:49:01,2.07556479044387
2022-10-25 19:50:01,2.0520421519575063
2022-10-25 19:51:01,1.9853482306974712
2022-10-25 19:52:01,1.9704023345533777
2022-10-25 19:53:01,2.01516922942456
2022-10-25 19:54:01,2.016630412295173
2022-10-25 19:55:01,2.048964949970962
2022-10-25 19:56:01,6.329671243772798
2022-10-25 19:57:01,6.721273553090846
2022-10-25 19:58:01,6.92999781447927
2022-10-25 19:59:01,7.040242639176453
2022-10-25 20:00:01,7.108198542445641
2022-10-25 20:01:01,7.05853433116822
2022-10-25 20:02:01,6.890534291688644
2022-10-25 20:03:01,6.692218946312325
2022-10-25 20:04:01,6.3760642853977645
2022-10-25 20:05:01,7.981296587997671
2022-10-25 20:06:01,9.133933450723315
2022-10-25 20:07:01,9.81087846933432
2022-10-25 20:08:01,10.102601956612151
2022-10-25 20:09:01,9.843731910883864
2022-10-25 20:10:01,9.084195751278802
2022-10-25 20:11:01,7.941393682668565
2022-10-25 20:12:01,6.432361987526392
2022-10-25 20:13:01,2.074160321208803
2022-10-25 20:14:01,2.083518991083835
2022-10-25 20:15:01,1.9947499600963456
2022-10-25 20:16:01,1.9772146518935607
2022-10-25 20:17:01,2.008863656479526
2022-10-25 20:18:01,2.0082269301537417
2022-10-25 20:19:01,2.0286500913624685
2022-10-25 20:20:01,6.37914960177292
2022-10-25 20:21:01,6.596686282791284
2022-10-25 20:22:01,6.934261599142095
2022-10-25 20:23:01,6.992203788724385
2022-10-25 20:24:01,7.0582653923160406
2022-10-25 20:25:01,7.050194483209561
2022-10-25 20:26:01,6.902727561972927
2022-10-25 20:27:01,6.764229390478802
2022-10-25 20:28:01,6.361958598805488
2022-10-25 20:29:01,8.005529025614639
2022-10-25 20:30:01,9.146973566562108
2022-10-25 20:31:01,9.863506890565194
2022-10-25 20:32:01,10.12815308351213
2022-10-25 20:33:01,9.84845054548906
2022-10-25 20:34:01,9.054614811404786
2022-10-25 20:35:01,7.954047502709571
2022-10-25 20:36:01,6.363128282303271
2022-10-25 20:37:01,2.031049982059604
2022-10-25 20:38:01,2.0121551499053414
2022-10-25 20:39:01,1.9655275601893096
2022-10-25 20:40:01,2.0136678218435944
2022-10-25 20:41:01,1.9865249066598123
2022-10-25 20:42:01,2.026933256253665
2022-10-25 20:43:01,2.046853050289392
2022-10-25 20:44:01,6.411646711820179
2022-10-25 20:45:01,6.673848185880831
2022-10-25 20:46:01,6.877933446245491
2022-10-25 20:47:01,7.037668231534239
2022-10-25 20:48:01,7.056615875858019
2022-10-25 20:49:01,8.57668386658635
2022-10-25 20:50:01,8.066032212090414
2022-10-25 20:51:01,7.726010227711795
2022-10-25 20:52:01,7.18140398998637
2022-10-25 20:53:01,8.55272084379502
2022-10-25 20:54:01,9.579354652841818
2022-10-25 20:55:01,10.248134620023968
2022-10-25 20:56:01,10.392787563867389
2022-10-25 20:57:01,10.09666779559637
2022-10-25 20:58:01,9.332227914697556
2022-10-25 20:59:01,8.11987760554095
2022-10-25 21:00:01,6.573889193455272
2022-10-25 21:01:01,2.1665396548705567
2022-10-25 21:02:01,2.0689501650311395
2022-10-25 21:03:01,1.997045950490241
2022-10-25 21:04:01,2.045069387586287
2022-10-25 21:05:01,2.0426507745993887
2022-10-25 21:06:01,2.106979039709679
2022-10-25 21:07:01,2.0714856780547675
2022-10-25 21:08:01,6.4415442134218335
2022-10-25 21:09:01,6.741915732122062
2022-10-25 21:10:01,6.943261674876582
2022-10-25 21:11:01,7.079551155453311
2022-10-25 21:12:01,7.070802025223648
2022-10-25 21:13:01,7.021055475624968
2022-10-25 21:14:01,6.911471623146836
2022-10-25 21:15:01,6.640916484276913
2022-10-25 21:16:01,6.411534276862772
2022-10-25 21:17:01,7.923344064465243
2022-10-25 21:18:01,9.119409238180983
2022-10-25 21:19:01,9.832006868569357
2022-10-25 21:20:01,10.05786617278291
2022-10-25 21:21:01,9.878697741976094
2022-10-25 21:22:01,9.11101136133767
2022-10-25 21:23:01,7.967121940515429
2022-10-25 21:24:01,6.415536876804226
2022-10-25 21:25:01,2.0631825510708244
2022-10-25 21:26:01,1.975932753068543
2022-10-25 21:27:01,2.0333900920711305
2022-10-25 21:28:01,2.0137725269152087
2022-10-25 21:29:01,1.9944484524186816
2022-10-25 21:30:01,2.02533045688878
2022-10-25 21:31:01,2.079218298581896
2022-10-25 21:32:01,6.398680649856251
2022-10-25 21:33:01,6.654920831033169
2022-10-25 21:34:01,6.904499592559678
2022-10-25 21:35:01,7.048782832145814
2022-10-25 21:36:01,7.086545600020183
2022-10-25 21:37:01,7.083797690101003
2022-10-25 21:38:01,6.886418620003842
2022-10-25 21:39:01,6.677589407275633
2022-10-25 21:40:01,6.378327848555973
2022-10-25 21:41:01,7.954059715697936
2022-10-25 21:42:01,9.062602431969696
2022-10-25 21:43:01,9.861371978717564
2022-10-25 21:44:01,10.05981077810024
2022-10-25 21:45:01,9.815941367025784
2022-10-25 21:46:01,9.1616403473905
2022-10-25 21:47:01,7.978399691753042
2022-10-25 21:48:01,6.413944629248797
2022-10-25 21:49:01,2.010388872567721
2022-10-25 21:50:01,2.077749048551906
2022-10-25 21:51:01,1.9897882380226304
2022-10-25 21:52:01,1.9955321259435197
2022-10-25 21:53:01,2.023113674562764
2022-10-25 21:54:01,1.9585850460942016
2022-10-25 21:55:01,2.030752121095092
2022-10-25 21:56:01,6.408636823622555
2022-10-25 21:57:01,6.707193481447148
2022-10-25 21:58:01,6.876864146098257
2022-10-25 21:59:01,7.054889074670518
2022-10-25 22:00:01,7.089429173178701
2022-10-25 22:01:01,7.09519670151638
2022-10-25 22:02:01,6.94613752503887
2022-10-25 22:03:01,6.695428880218745
2022-10-25 22:04:01,6.405109844529108
2022-10-25 22:05:01,7.9725584813184
2022-10-25 22:06:01,9.11782099997289
2022-10-25 22:07:01,9.798856299842717
2022-10-25 22:08:01,10.151543808617362
2022-10-25 22:09:01,9.810372553920237
2022-10-25 22:10:01,9.183837981962446
2022-10-25 22:11:01,7.955197160492965
2022-10-25 22:12:01,6.392241932983716
2022-10-25 22:13:01,1.9796465652582624
2022-10-25 22:14:01,2.041557310544237
2022-10-25 22:15:01,1.9501069504994344
2022-10-25 22:16:01,1.999762225883842
2022-10-25 22:17:01,2.054703585781993
2022-10-25 22:18:01,1.984280683662093
2022-10-25 22:19:01,2.07303421755508
2022-10-25 22:20:01,6.387270528497044
2022-10-25 22:21:01,6.7382059404242085
2022-10-25 22:22:01,6.91888668999432
2022-10-25 22:23:01,7.045466779863969
2022-10-25 22:24:01,7.125575413885039
2022-10-25 22:25:01,7.064875805495042
2022-10-25 22:26:01,6.892928039341015
2022-10-25 22:27:01,6.758059908273603
2022-10-25 22:28:01,6.36585712405126
2022-10-25 22:29:01,7.951334514158081
2022-10-25 22:30:01,9.08556638410885
2022-10-25 22:31:01,9.796313642338186
2022-10-25 22:32:01,10.055644760495603
2022-10-25 22:33:01,9.839531560532706
2022-10-25 22:34:01,9.120900852882464
2022-10-25 22:35:01,7.975066643891911
2022-10-25 22:36:01,6.4565264640693245
2022-10-25 22:37:01,2.059928377625268
2022-10-25 22:38:01,2.005898815310497
2022-10-25 22:39:01,2.0287270438378133
2022-10-25 22:40:01,1.9715444201713423
2022-10-25 22:41:01,1.949766463132468
2022-10-25 22:42:01,2.047521707800797
2022-10-25 22:43:01,2.0915502418914467
2022-10-25 22:44:01,6.387904516839776
2022-10-25 22:45:01,6.763976516647979
2022-10-25 22:46:01,6.935343964575431
2022-10-25 22:47:01,7.059997944474196
2022-10-25 22:48:01,7.07479660277604
2022-10-25 22:49:01,7.0775761343248975
2022-10-25 22:50:01,6.872277823480683
2022-10-25 22:51:01,6.695193266803834
2022-10-25 22:52:01,6.390877513771773
2022-10-25 22:53:01,7.904736128773076
2022-10-25 22:54:01,9.137082476179096
2022-10-25 22:55:01,9.852105083230224
2022-10-25 22:56:01,10.114751498987127
2022-10-25 22:57:01,9.833600326568634
2022-10-25 22:58:01,9.14090203488646
2022-10-25 22:59:01,7.946553557670863
2022-10-25 23:00:01,6.3990216124464
2022-10-25 23:01:01,2.033371751573014
2022-10-25 23:02:01,1.9606481696532057
2022-10-25 23:03:01,2.0334283503513464
2022-10-25 23:04:01,2.0224515240323546
2022-10-25 23:05:01,2.086396687859224
2022-10-25 23:06:01,2.010253510839935
2022-10-25 23:07:01,2.0327698354632786
2022-10-25 23:08:01,6.362456584440776
2022-10-25 23:09:01,6.73489160453532
2022-10-25 23:10:01,6.94068799816679
2022-10-25 23:11:01,7.094473310475987
2022-10-25 23:12:01,7.06373877056097
2022-10-25 23:13:01,7.069489301256995
2022-10-25 23:14:01,6.903288830692103
2022-10-25 23:15:01,6.746639364319292
2022-10-25 23:16:01,6.429899780467595
2022-10-25 23:17:01,7.898274223962157
2022-10-25 23:18:01,9.10819789258713
2022-10-25 23:19:01,9.784368471762274
2022-10-25 23:20:01,10.05665328900784
2022-10-25 23:21:01,9.809806406459924
2022-10-25 23:22:01,9.093062426681843
2022-10-25 23:23:01,7.937299770938192
2022-10-25 23:24:01,6.419064552439511
2022-10-25 23:25:01,2.0569158603304767
2022-10-25 23:26:01,2.0203605801820133
2022-10-25 23:27:01,2.0094098841480346
2022-10-25 23:28:01,1.954371657427848
2022-10-25 23:29:01,2.00171212769792
2022-10-25 23:30:01,2.0642670357719566
2022-10-25 23:31:01,2.0487407393693595
2022-10-25 23:32:01,6.429281022376557
2022-10-25 23:33:01,6.719082571510851
2022-10-25 23:34:01,6.9456024916351735
2022-10-25 23:35:01,7.057475331124133
2022-10-25 23:36:01,7.117540256888217
2022-10-25 23:37:01,8.259401350028977
2022-10-25 23:38:01,7.8958042926635805
2022-10-25 23:39:01,7.485488541791449
2022-10-25 23:40:01,6.996515395621978
2022-10-25 23:41:01,8.400334999425398
2022-10-25 23:42:01,9.494135577046334
2022-10-25 23:43:01,10.203628283905465
2022-10-25 23:44:01,10.338004181377284
2022-10-25 23:45:01,10.05364704109138
2022-10-25 23:46:01,9.21463572410237
2022-10-25 23:47:01,8.080272303102879
2022-10-25 23:48:01,6.5203163717
2022-10-25 23:49:01,2.0563578916115928
2022-10-25 23:50:01,2.0964537374773693
2022-10-25 23:51:01,2.003417780783736
2022-10-25 23:52:01,2.013100447046621
2022-10-25 23:53:01,2.0639355948373352
2022-10-25 23:54:01,2.053812876769352
2022-10-25 23:55:01,2.062734509214449
2022-10-25 23:56:01,6.416585472153085
2022-10-25 23:57:01,6.709215916170914
2022-10-25 23:58:01,6.93652693533986
2022-10-25 23:59:01,7.022602889904233
2022-10-26 00:00:01,7.13390898590216
2022-10-26 00:01:01,7.021098796120592
2022-10-26 00:02:01,6.873536854382783
2022-10-26 00:03:01,6.741557940084058
2022-10-26 00:04:01,6.405478709979337
2022-10-26 00:05:01,7.951253906755491
2022-10-26 00:06:01,9.135505456505486
2022-10-26 00:07:01,9.82459163713648
2022-10-26 00:08:01,10.098733068166476
2022-10-26 00:09:01,9.865167028739329
2022-10-26 00:10:01,9.164228606503412
2022-10-26 00:11:01,7.932337987714147
2022-10-26 00:12:01,6.402606876881112
2022-10-26 00:13:01,2.0726505868734417
2022-10-26 00:14:01,2.0295279225821496
2022-10-26 00:15:01,1.9974589818691324
2022-10-26 00:16:01,2.041728316355221
2022-10-26 00:17:01,1.95108608495074
2022-10-26 00:18:01,1.980591598538272
2022-10-26 00:19:01,2.0055736783689357
2022-10-26 00:20:01,6.452456249938675
2022-10-26 00:21:01,6.724424308010359
2022-10-26 00:22:01,6.880547884690934
2022-10-26 00:23:01,7.04709558416691
2022-10-26 00:24:01,7.093266159695618
2022-10-26 00:25:01,6.984573531367472
2022-10-26 00:26:01,6.927444869451209
2022-10-26 00:27:01,6.673843792470446
2022-10-26 00:28:01,6.437852320221232
2022-10-26 00:29:01,7.913373068032868
2022-10-26 00:30:01,9.121542728320676
2022-10-26 00:31:01,9.884481440871925
2022-10-26 00:32:01,10.123619634358937
2022-10-26 00:33:01,9.86093530408382
2022-10-26 00:34:01,9.11267978800675
2022-10-26 00:35:01,7.903005739957006
2022-10-26 00:36:01,6.403782187563485
2022-10-26 00:37:01,2.0495269024701903
2022-10-26 00:38:01,2.014968989643961
2022-10-26 00:39:01,1.9562596988333285
2022-10-26 00:40:01,2.0077254023365403
2022-10-26 00:41:01,1.966916024836821
2022-10-26 00:42:01,2.0704431649627355
2022-10-26 00:43:01,2.060982024358996
2022-10-26 00:44:01,6.446645239829663
2022-10-26 00:45:01,6.738618122113395
2022-10-26 00:46:01,6.9848988772379865
2022-10-26 00:47:01,7.057144087385045
2022-10-26 00:48:01,7.083303969286799
2022-10-26 00:49:01,7.040642593392227
2022-10-26 00:50:01,6.967600987505269
2022-10-26 00:51:01,6.670488726812152
2022-10-26 00:52:01,6.391237554801633
2022-10-26 00:53:01,7.955822820798257
2022-10-26 00:54:01,9.111317963579276
2022-10-26 00:55:01,9.875609377389392
2022-10-26 00:56:01,10.055159153129546
2022-10-26 00:57:01,9.844650226048351
2022-10-26 00:58:01,9.110448659568632
2022-10-26 00:59:01,7.91678143430063
2022-10-26 01:00:01,6.444255340123449
2022-10-26 01:01:01,2.054494506031944
2022-10-26 01:02:01,2.0208227510834704
2022-10-26 01:03:01,1.9784659012114645
2022-10-26 01:04:01,1.9845382823636175
2022-10-26 01:05:01,1.972636761553208
2022-10-26 01:06:01,2.050915149452808
2022-10-26 01:07:01,2.088468267093872
2022-10-26 01:08:01,6.468611718384735
2022-10-26 01:09:01,6.723824535005994
2022-10-26 01:10:01,6.913327054837083
2022-10-26 01:11:01,7.038561511798976
2022-10-26 01:12:01,7.110668056187504
2022-10-26 01:13:01,7.05873491286719
2022-10-26 01:14:01,6.918434563706563
2022-10-26 01:15:01,6.703176369541415
2022-10-26 01:16:01,6.4536599760459685
2022-10-26 01:17:01,7.936700649447854
2022-10-26 01:18:01,9.15724519473638
2022-10-26 01:19:01,9.852987185102643
2022-10-26 01:20:01,10.085226605632169
2022-10-26 01:21:01,9.8240436317318
2022-10-26 01:22:01,9.112366394647347
2022-10-26 01:23:01,7.964992869285299
2022-10-26 01:24:01,6.407528313875543
2022-10-26 01:25:01,2.083701287270118
2022-10-26 01:26:01,2.0129794296828467
2022-10-26 01:27:01,2.000406691887449
2022-10-26 01:28:01,1.957976660989796
2022-10-26 01:29:01,2.0210131561099502
2022-10-26 01:30:01,2.017930167261434
2022-10-26 01:31:01,2.105793200838866
2022-10-26 01:32:01,6.440297489724712
2022-10-26 01:33:01,6.714281261524653
2022-10-26 01:34:01,6.96120224585835
2022-10-26 01:35:01,7.065727044484724
2022-10-26 01:36:01,7.127139806884411
2022-10-26 01:37:01,7.027781267460734
2022-10-26 01:38:01,6.938439897871508
2022-10-26 01:39:01,6.727063824477269
2022-10-26 01:40:01,6.373125491043079
2022-10-26 01:41:01,7.995798311012598
2022-10-26 01:42:01,9.082978444266535
2022-10-26 01:43:01,9.809497741140518
2022-10-26 01:44:01,10.011745994723135
2022-10-26 01:45:01,9.862760935519958
2022-10-26 01:46:01,9.06865373968352
2022-10-26 01:47:01,7.935327898231585
2022-10-26 01:48:01,6.444918355610166
2022-10-26 01:49:01,2.064896427032955
2022-10-26 01:50:01,2.008020913719948
2022-10-26 01:51:01,1.957373498496928
2022-10-26 01:52:01,1.9942927786635665
2022-10-26 01:53:01,2.030830798774964
2022-10-26 01:54:01,2.047914239028336
2022-10-26 01:55:01,2.1129742359505963
2022-10-26 01:56:01,6.400493174958482
2022-10-26 01:57:01,6.673179018150177
2022-10-26 01:58:01,6.934689272938696
2022-10-26 01:59:01,7.060860211901186
2022-10-26 02:00:01,7.097690028615389
2022-10-26 02:01:01,7.032204303595038
2022-10-26 02:02:01,6.845946708253875
2022-10-26 02:03:01,6.682727637627488
2022-10-26 02:04:01,6.437123661519454
2022-10-26 02:05:01,7.960062357271116
2022-10-26 02:06:01,9.147690251942992
2022-10-26 02:07:01,9.859766006976049
2022-10-26 02:08:01,10.120231033250777
2022-10-26 02:09:01,9.872431190980649
2022-10-26 02:10:01,9.11950394832574
2022-10-26 02:11:01,7.952604453859272
2022-10-26 02:12:01,6.33346045714319
2022-10-26 02:13:01,2.040381361067382
2022-10-26 02:14:01,2.009273811283291
2022-10-26 02:15:01,2.002773851205887
2022-10-26 02:16:01,1.970555097116749
2022-10-26 02:17:01,2.0342435759102533
2022-10-26 02:18:01,2.001387979019985
2022-10-26 02:19:01,2.0933879401590114
2022-10-26 02:20:01,6.392206448840626
2022-10-26 02:21:01,6.695520820525842
2022-10-26 02:22:01,6.905940576128151
2022-10-26 02:23:01,7.040574775615974
2022-10-26 02:24:01,7.134139193935527
2022-10-26 02:25:01,8.768180076571674
2022-10-26 02:26:01,8.295404373565304
2022-10-26 02:27:01,7.793985782084882
2022-10-26 02:28:01,7.295457595697966
2022-10-26 02:29:01,8.664497618096895
2022-10-26 02:30:01,9.677634959646648
2022-10-26 02:31:01,10.297376649147395
2022-10-26 02:32:01,10.490800197825694
2022-10-26 02:33:01,10.147622623709635
2022-10-26 02:34:01,9.316491173709638
2022-10-26 02:35:01,8.135112854952338
2022-10-26 02:36:01,6.553477785780294
2022-10-26 02:37:01,2.195020139099664
2022-10-26 02:38:01,2.1264013801883537
2022-10-26 02:39:01,2.1166460366807547
2022-10-26 02:40:01,2.037811941672301
2022-10-26 02:41:01,2.049771307111361
2022-10-26 02:42:01,2.0356405841478726
2022-10-26 02:43:01,2.091034386731021
2022-10-26 02:44:01,6.400711413163407
2022-10-26 02:45:01,6.744081882646472
2022-10-26 02:46:01,6.9415026039693855
2022-10-26 02:47:01,7.073771437223348
2022-10-26 02:48:01,7.133536321095287
2022-10-26 02:49:01,7.0713633062352725
2022-10-26 02:50:01,6.895640968226696
2022-10-26 02:51:01,6.7033446526812765
2022-10-26 02:52:01,6.424059837844786
2022-10-26 02:53:01,7.946921251361772
2022-10-26 02:54:01,9.117108070920992
2022-10-26 02:55:01,9.902075567437286
2022-10-26 02:56:01,10.10475619877758
2022-10-26 02:57:01,9.86421090690076
2022-10-26 02:58:01,9.061606638393751
2022-10-26 02:59:01,7.976922309537369
2022-10-26 03:00:01,6.508873223249126
2022-10-26 03:01:01,2.102896837915748
2022-10-26 03:02:01,2.0168067596990453
2022-10-26 03:03:01,2.0767168585097577
2022-10-26 03:04:01,2.001465813469926
2022-10-26 03:05:01,2.017431501247714
2022-10-26 03:06:01,2.021882893738229
2022-10-26 03:07:01,2.053551500040015
2022-10-26 03:08:01,6.355605078716783
2022-10-26 03:09:01,6.7392424605902645
2022-10-26 03:10:01,6.919389705313452
2022-10-26 03:11:01,7.05176971083476
2022-10-26 03:12:01,7.108917952146589
2022-10-26 03:13:01,7.045031352828859
2022-10-26 03:14:01,6.936327711291041
2022-10-26 03:15:01,6.751876584716311
2022-10-26 03:16:01,6.435409878491559
2022-10-26 03:17:01,7.949788525320367
2022-10-26 03:18:01,9.117874375350135
2022-10-26 03:19:01,9.858272789395832
2022-10-26 03:20:01,10.076028478613429
2022-10-26 03:21:01,9.858565934989745
2022-10-26 03:22:01,9.142266497846348
2022-10-26 03:23:01,7.95724367402129
2022-10-26 03:24:01,6.410840271322132
2022-10-26 03:25:01,2.054303099359375
2022-10-26 03:26:01,2.0500778048814867
2022-10-26 03:27:01,1.9758691543271245
2022-10-26 03:28:01,1.9768077405327211
2022-10-26 03:29:01,1.9607456006297437
2022-10-26 03:30:01,2.0316890514006976
2022-10-26 03:31:01,2.0890072838066653
2022-10-26 03:32:01,6.463821162079232
2022-10-26 03:33:01,6.762929739530685
2022-10-26 03:34:01,6.908456236871308
2022-10-26 03:35:01,7.065798221580176
2022-10-26 03:36:01,7.0895461785122285
2022-10-26 03:37:01,7.107805319721101
2022-10-26 03:38:01,6.968431262117548
2022-10-26 03:39:01,6.721748012362161
2022-10-26 03:40:01,6.405610816496832
2022-10-26 03:41:01,7.851882095541319
2022-10-26 03:42:01,9.079504327062413
2022-10-26 03:43:01,9.797621815598774
2022-10-26 03:44:01,10.058543648890424
2022-10-26 03:45:01,9.909634832170696
2022-10-26 03:46:01,9.083818688888272
2022-10-26 03:47:01,7.923731505487251
2022-10-26 03:48:01,6.396890977212545
2022-10-26 03:49:01,2.141815664274199
2022-10-26 03:50:01,2.0295828334589285
2022-10-26 03:51:01,2.039644667151012
2022-10-26 03:52:01,2.007507769910232
2022-10-26 03:53:01,1.9503650999892104
2022-10-26 03:54:01,2.07759324687722
2022-10-26 03:55:01,2.076128718411601
2022-10-26 03:56:01,6.421170635727023
2022-10-26 03:57:01,6.770219033904487
2022-10-26 03:58:01,6.919719544634278
2022-10-26 03:59:01,7.054910477559475
2022-10-26 04:00:01,7.092208181171812
2022-10-26 04:01:01,7.091610516626885
2022-10-26 04:02:01,6.954688391832848
2022-10-26 04:03:01,6.726010312429872
2022-10-26 04:04:01,6.393584380685463
2022-10-26 04:05:01,7.945162329586888
2022-10-26 04:06:01,9.091895780551503
2022-10-26 04:07:01,9.888947649556474
2022-10-26 04:08:01,10.05563484899162
2022-10-26 04:09:01,9.902046608345064
2022-10-26 04:10:01,9.162245610476797
2022-10-26 04:11:01,7.92895004406371
2022-10-26 04:12:01,6.412958310340426
2022-10-26 04:13:01,2.043432568181636
2022-10-26 04:14:01,2.045309592355536
2022-10-26 04:15:01,2.0531381838266607
2022-10-26 04:16:01,2.0387607042424483
2022-10-26 04:17:01,1.99785569251475
2022-10-26 04:18:01,2.070204529838606
2022-10-26 04:19:01,2.100196750419355
2022-10-26 04:20:01,6.420103299742313
2022-10-26 04:21:01,6.718077765807457
2022-10-26 04:22:01,6.977313763635796
2022-10-26 04:23:01,7.091940135317279
2022-10-26 04:24:01,7.140251146743271
2022-10-26 04:25:01,7.137829683804984
2022-10-26 04:26:01,6.9476381146528645
2022-10-26 04:27:01,6.728368106374288
2022-10-26 04:28:01,6.466821966978202
2022-10-26 04:29:01,8.016850418625921
2022-10-26 04:30:01,9.106062962329846
2022-10-26 04:31:01,9.849027348748525
2022-10-26 04:32:01,10.0732660583971
2022-10-26 04:33:01,9.865444496986118
2022-10-26 04:34:01,9.151240325099316
2022-10-26 04:35:01,7.928986152844229
2022-10-26 04:36:01,6.460413282223264
2022-10-26 04:37:01,2.0521522690676903
2022-10-26 04:38:01,2.017305469700366
2022-10-26 04:39:01,2.0456095162720205
2022-10-26 04:40:01,1.985384557411444
2022-10-26 04:41:01,1.9696853195626407
2022-10-26 04:42:01,2.055816716020637
2022-10-26 04:43:01,2.062037723150166
2022-10-26 04:44:01,6.462656802425598
2022-10-26 04:45:01,6.744297978447039
2022-10-26 04:46:01,6.879560146205406
2022-10-26 04:47:01,7.100602085297432
2022-10-26 04:48:01,7.161446917232709
2022-10-26 04:49:01,7.0922230749142265
2022-10-26 04:50:01,6.964382743816368
2022-10-26 04:51:01,6.71211484702001
2022-10-26 04:52:01,6.412729844983693
2022-10-26 04:53:01,7.964536012341246
2022-10-26 04:54:01,9.152948838948983
2022-10-26 04:55:01,9.882872028345528
2022-10-26 04:56:01,10.091636631058218
2022-10-26 04:57:01,9.839934176027116
2022-10-26 04:58:01,9.08080493257692
2022-10-26 04:59:01,7.977807055883712
2022-10-26 05:00:01,6.415652982891389
2022-10-26 05:01:01,2.0576677547840165
2022-10-26 05:02:01,2.086132487718118
2022-10-26 05:03:01,2.030610093645545
2022-10-26 05:04:01,2.014772810267865
2022-10-26 05:05:01,2.037643285875706
2022-10-26 05:06:01,2.077072533986931
2022-10-26 05:07:01,2.0184114980508143
2022-10-26 05:08:01,6.410693330879486
2022-10-26 05:09:01,6.713291378683661
2022-10-26 05:10:01,6.903606021136083
2022-10-26 05:11:01,7.054126605242118
2022-10-26 05:12:01,7.058867589202434
2022-10-26 05:13:01,8.37059994524297
2022-10-26 05:14:01,7.942206936458286
2022-10-26 05:15:01,7.546215284224817
2022-10-26 05:16:01,7.085272702392506
2022-10-26 05:17:01,8.500436919582127
2022-10-26 05:18:01,9.472155802842169
2022-10-26 05:19:01,10.206232063840204
2022-10-26 05:20:01,10.36606215071441
2022-10-26 05:21:01,10.084140189966249
2022-10-26 05:22:01,9.2629756915246
2022-10-26 05:23:01,8.109278978470988
2022-10-26 05:24:01,6.57726671585476
2022-10-26 05:25:01,2.1613535415650578
2022-10-26 05:26:01,2.0841376790513486
2022-10-26 05:27:01,2.0497289328943094
2022-10-26 05:28:01,2.0683837618751326
2022-10-26 05:29:01,2.066824753186296
2022-10-26 05:30:01,2.074938340252892
2022-10-26 05:31:01,2.089830068795628
2022-10-26 05:32:01,6.453156431107598
2022-10-26 05:33:01,6.734022040773224
2022-10-26 05:34:01,6.934290496324733
2022-10-26 05:35:01,7.095205617903242
2022-10-26 05:36:01,7.123213131013801
2022-10-26 05:37:01,7.107874393036083
2022-10-26 05:38:01,6.972406446291934
2022-10-26 05:39:01,6.733635290488091
2022-10-26 05:40:01,6.449883845801133
2022-10-26 05:41:01,7.933819466781348
2022-10-26 05:42:01,9.126900967825854
2022-10-26 05:43:01,9.869790534646608
2022-10-26 05:44:01,10.060451590126208
2022-10-26 05:45:01,9.871901524521745
2022-10-26 05:46:01,9.099439729514362
2022-10-26 05:47:01,7.935456622540861
2022-10-26 05:48:01,6.413876685319354
2022-10-26 05:49:01,2.068094856570191
2022-10-26 05:50:01,1.996683242132561
2022-10-26 05:51:01,2.040519131234316
2022-10-26 05:52:01,2.012516631754013
2022-10-26 05:53:01,2.072552447546245
2022-10-26 05:54:01,2.045488223667954
2022-10-26 05:55:01,2.08606456895685
2022-10-26 05:56:01,6.404028993048452
2022-10-26 05:57:01,6.686766453572928
2022-10-26 05:58:01,6.953482391610018
2022-10-26 05:59:01,7.031224860741868
2022-10-26 06:00:01,7.126588537948998
2022-10-26 06:01:01,7.1152822512987255
2022-10-26 06:02:01,6.9634058800642045
2022-10-26 06:03:01,6.739519779660218
2022-10-26 06:04:01,6.4379733879626055
2022-10-26 06:05:01,7.949498770332139
2022-10-26 06:06:01,9.124767455152847
2022-10-26 06:07:01,9.841917952465538
2022-10-26 06:08:01,10.068157332364551
2022-10-26 06:09:01,9.860019972995516
2022-10-26 06:10:01,9.161593506477985
2022-10-26 06:11:01,7.922582087969147
2022-10-26 06:12:01,6.472147339313348
2022-10-26 06:13:01,2.106060213522854
2022-10-26 06:14:01,2.049051445647617
2022-10-26 06:15:01,2.0276547747677136
2022-10-26 06:16:01,2.002343247659847
2022-10-26 06:17:01,2.016842507556865
2022-10-26 06:18:01,2.0233910843817897
2022-10-26 06:19:01,2.070729522701067
2022-10-26 06:20:01,6.434701378758367
2022-10-26 06:21:01,6.779537123588401
2022-10-26 06:22:01,6.952769128840017
2022-10-26 06:23:01,7.05864552942013
2022-10-26 06:24:01,7.105278815861681
2022-10-26 06:25:01,7.043608856773984
2022-10-26 06:26:01,6.9195057366886745
2022-10-26 06:27:01,6.75065760901347
2022-10-26 06:28:01,6.41600347521094
2022-10-26 06:29:01,7.943428433015627
2022-10-26 06:30:01,9.111368200301245
2022-10-26 06:31:01,9.837946610768816
2022-10-26 06:32:01,10.142377689006498
2022-10-26 06:33:01,9.864182132960968
2022-10-26 06:34:01,9.12083225551262
2022-10-26 06:35:01,7.963070133080589
2022-10-26 06:36:01,6.437657430374309
2022-10-26 06:37:01,2.0480726558237667
2022-10-26 06:38:01,1.9964007961160115
2022-10-26 06:39:01,2.056606009623911
2022-10-26 06:40:01,2.0385191335417603
2022-10-26 06:41:01,2.0278640867007733
2022-10-26 06:42:01,2.065822643940263
2022-10-26 06:43:01,2.1281596248919485
2022-10-26 06:44:01,6.415392926105843
2022-10-26 06:45:01,6.690447324857338
2022-10-26 06:46:01,6.956594772490915
2022-10-26 06:47:01,7.021871538951659
2022-10-26 06:48:01,7.110333952399295
2022-10-26 06:49:01,7.057002470004502
2022-10-26 06:50:01,6.957124096257981
2022-10-26 06:51:01,6.709817385914169
2022-10-26 06:52:01,6.467764508129408
2022-10-26 06:53:01,7.940496964353999
2022-10-26 06:54:01,9.15126658491762
2022-10-26 06:55:01,9.8407785845009
2022-10-26 06:56:01,10.125964809922657
2022-10-26 06:57:01,9.830410728829763
2022-10-26 06:58:01,9.129527362997989
2022-10-26 06:59:01,8.002803537034598
2022-10-26 07:00:01,6.435537997210743
2022-10-26 07:01:01,2.1069329231163074
2022-10-26 07:02:01,2.038249595807699
2022-10-26 07:03:01,2.0022486354122275
2022-10-26 07:04:01,2.0149871002010413
2022-10-26 07:05:01,2.036031131423956
2022-10-26 07:06:01,1.982029870626841
2022-10-26 07:07:01,2.08734651458935
2022-10-26 07:08:01,6.404209260117756
2022-10-26 07:09:01,6.689344509380757
2022-10-26 07:10:01,6.953855888254654
2022-10-26 07:11:01,7.106980738318887
2022-10-26 07:12:01,7.11663630877045
2022-10-26 07:13:01,7.026242560341687
2022-10-26 07:14:01,6.917740033746627
2022-10-26 07:15:01,6.712687018833294
2022-10-26 07:16:01,6.438603745119998
2022-10-26 07:17:01,7.961696514051432
2022-10-26 07:18:01,9.145898917015456
2022-10-26 07:19:01,9.891719656419776
2022-10-26 07:20:01,10.120803005927456
2022-10-26 07:21:01,9.888742034553522
2022-10-26 07:22:01,9.123108998132748
2022-10-26 07:23:01,8.062967470118819
2022-10-26 07:24:01,6.449632823830584
2022-10-26 07:25:01,2.0929116492507926
2022-10-26 07:26:01,2.092717854955117
2022-10-26 07:27:01,2.0209950955574016
2022-10-26 07:28:01,1.9914120120833512
2022-10-26 07:29:01,2.057621906996522
2022-10-26 07:30:01,2.0811000279361678
2022-10-26 07:31:01,2.077232841900936
2022-10-26 07:32:01,6.486142848737661
2022-10-26 07:33:01,6.723448793700968
2022-10-26 07:34:01,6.966616819641215
2022-10-26 07:35:01,7.113241383123848
2022-10-26 07:36:01,7.114043772224601
2022-10-26 07:37:01,7.081558520537479
2022-10-26 07:38:01,6.969587116541474
2022-10-26 07:39:01,6.715199318796925
2022-10-26 07:40:01,6.4092461352217045
2022-10-26 07:41:01,8.004792231391127
2022-10-26 07:42:01,9.14119488334672
2022-10-26 07:43:01,9.847502688505982
2022-10-26 07:44:01,10.114234092748584
2022-10-26 07:45:01,9.878005521482915
2022-10-26 07:46:01,9.085071283955983
2022-10-26 07:47:01,7.986520097699814
2022-10-26 07:48:01,6.446240784394305
2022-10-26 07:49:01,2.1229931728165954
2022-10-26 07:50:01,2.034367719017745
2022-10-26 07:51:01,2.060613300179131
2022-10-26 07:52:01,2.0103879587012
2022-10-26 07:53:01,2.0235541896084093
2022-10-26 07:54:01,2.049524375547752
2022-10-26 07:55:01,2.1363753694704646
2022-10-26 07:56:01,6.397119439446799
2022-10-26 07:57:01,6.741749775931743
2022-10-26 07:58:01,6.940865444689266
2022-10-26 07:59:01,7.067869544605887
2022-10-26 08:00:01,7.129534430576124
2022-10-26 08:01:01,8.126300799665547
2022-10-26 08:02:01,7.77515864062198
2022-10-26 08:03:01,7.419753485076002
2022-10-26 08:04:01,6.951541903025522
2022-10-26 08:05:01,8.383856325497495
2022-10-26 08:06:01,9.438563942555158
2022-10-26 08:07:01,10.191626160871705
2022-10-26 08:08:01,10.321574191866938
2022-10-26 08:09:01,10.026635174915471
2022-10-26 08:10:01,9.288781891796663
2022-10-26 08:11:01,8.109188186045147
2022-10-26 08:12:01,6.50216345273391
2022-10-26 08:13:01,2.1802817196027138
2022-10-26 08:14:01,2.089101225144862
2022-10-26 08:15:01,2.1082187297441743
2022-10-26 08:16:01,2.032490460070794
2022-10-26 08:17:01,2.0712248269326103
2022-10-26 08:18:01,2.0663932044878743
2022-10-26 08:19:01,2.059189415023014
2022-10-26 08:20:01,6.407537735041968
2022-10-26 08:21:01,6.717369074053662
2022-10-26 08:22:01,6.979773453647612
2022-10-26 08:23:01,7.018939677262341
2022-10-26 08:24:01,7.129059614954529
2022-10-26 08:25:01,7.081999363707794
2022-10-26 08:26:01,6.894108461618167
2022-10-26 08:27:01,6.707274763457211
2022-10-26 08:28:01,6.4140847673846855
2022-10-26 08:29:01,7.970265854423041
2022-10-26 08:30:01,9.179468087591314
2022-10-26 08:31:01,9.89808836353533
2022-10-26 08:32:01,10.103516894451896
2022-10-26 08:33:01,9.840579735197991
2022-10-26 08:34:01,9.08794948271135
2022-10-26 08:35:01,7.956102678015515
2022-10-26 08:36:01,6.409340561113394
2022-10-26 08:37:01,2.0744894736153934
2022-10-26 08:38:01,2.043157040850664
2022-10-26 08:39:01,2.007146315750493
2022-10-26 08:40:01,2.0001596033074813
2022-10-26 08:41:01,2.000602723013901
2022-10-26 08:42:01,2.027731858545294
2022-10-26 08:43:01,2.1186438864501382
2022-10-26 08:44:01,6.451809662672773
2022-10-26 08:45:01,6.744795386260204
2022-10-26 08:46:01,6.971903028083341
2022-10-26 08:47:01,7.098368629294435
2022-10-26 08:48:01,7.156717288650468
2022-10-26 08:49:01,7.088381918378567
2022-10-26 08:50:01,6.947831279154731
2022-10-26 08:51:01,6.711328408424503
2022-10-26 08:52:01,6.411809937822882
2022-10-26 08:53:01,7.994132020180283
2022-10-26 08:54:01,9.131519966400647
2022-10-26 08:55:01,9.824732246036069
2022-10-26 08:56:01,10.05147674638119
2022-10-26 08:57:01,9.930034602255018
2022-10-26 08:58:01,9.105427679478856
2022-10-26 08:59:01,7.947308091635151
2022-10-26 09:00:01,6.473684241285151
2022-10-26 09:01:01,2.0399371277464087
2022-10-26 09:02:01,2.059733664502132
2022-10-26 09:03:01,2.076812790359256
2022-10-26 09:04:01,2.077995794356758
2022-10-26 09:05:01,2.0088089719428024
2022-10-26 09:06:01,2.0435881097229003
2022-10-26 09:07:01,2.064539582558573
2022-10-26 09:08:01,6.436618948768734
2022-10-26 09:09:01,6.76869895546102
2022-10-26 09:10:01,6.900472416052679
2022-10-26 09:11:01,7.091017603388917
2022-10-26 09:12:01,7.109032498658749
2022-10-26 09:13:01,7.112713179878736
2022-10-26 09:14:01,6.982072880228608
2022-10-26 09:15:01,6.717774595103373
2022-10-26 09:16:01,6.434150986679422
2022-10-26 09:17:01,7.99538945120642
2022-10-26 09:18:01,9.165295392426875
2022-10-26 09:19:01,9.792299613968426
2022-10-26 09:20:01,10.141901088705003
2022-10-26 09:21:01,9.91594806039284
2022-10-26 09:22:01,9.143622663815629
2022-10-26 09:23:01,7.997349790613243
2022-10-26 09:24:01,6.476154338258783
2022-10-26 09:25:01,2.083792337315295
2022-10-26 09:26:01,2.069168778328548
2022-10-26 09:27:01,2.0234848377414605
2022-10-26 09:28:01,2.013966816425181
2022-10-26 09:29:01,2.0033373307314517
2022-10-26 09:30:01,2.050091188828441
2022-10-26 09:31:01,2.133988222951814
2022-10-26 09:32:01,6.411034129275805
2022-10-26 09:33:01,6.749208598476351
2022-10-26 09:34:01,6.953032115160613
2022-10-26 09:35:01,7.116775464921276
2022-10-26 09:36:01,7.165736010700593
2022-10-26 09:37:01,7.044881650803506
2022-10-26 09:38:01,6.926335687383062
2022-10-26 09:39:01,6.715352854983502
2022-10-26 09:40:01,6.42390037097474
2022-10-26 09:41:01,7.957605077519481
2022-10-26 09:42:01,9.147159688046685
2022-10-26 09:43:01,9.841884698764826
2022-10-26 09:44:01,10.094842867221152
2022-10-26 09:45:01,9.843787954895523
2022-10-26 09:46:01,9.15168519965168
2022-10-26 09:47:01,7.967883550455917
2022-10-26 09:48:01,6.43150473372783
2022-10-26 09:49:01,2.052840277726504
2022-10-26 09:50:01,1.9975723938381948
2022-10-26 09:51:01,2.073002435630767
2022-10-26 09:52:01,2.007822230126781
2022-10-26 09:53:01,2.1054505652832365
2022-10-26 09:54:01,2.0690364940035963
2022-10-26 09:55:01,2.133212358083386
2022-10-26 09:56:01,6.468865868339103
2022-10-26 09:57:01,6.736410187070333
2022-10-26 09:58:01,6.926426045799476
2022-10-26 09:59:01,7.044177762147694
2022-10-26 10:00:01,7.150391087676634
2022-10-26 10:01:01,7.081513361137697
2022-10-26 10:02:01,6.963009563878519
2022-10-26 10:03:01,6.756331547660079
2022-10-26 10:04:01,6.450058001812615
2022-10-26 10:05:01,7.956355241157666
2022-10-26 10:06:01,9.16808127998761
2022-10-26 10:07:01,9.862433173868553
2022-10-26 10:08:01,10.119836179154866
2022-10-26 10:09:01,9.889979889453723
2022-10-26 10:10:01,9.136090087585584
2022-10-26 10:11:01,7.916213707750136
2022-10-26 10:12:01,6.470913963184961
2022-10-26 10:13:01,2.1166971120936493
2022-10-26 10:14:01,1.9917131296429784
2022-10-26 10:15:01,1.9937103019101368
2022-10-26 10:16:01,2.0781530814214446
2022-10-26 10:17:01,2.032049482311105
2022-10-26 10:18:01,2.0469119583411306
2022-10-26 10:19:01,2.066495956612797
2022-10-26 10:20:01,6.409092874024258
2022-10-26 10:21:01,6.726774894531631
2022-10-26 10:22:01,6.974541194042209
2022-10-26 10:23:01,7.073965378019087
2022-10-26 10:24:01,7.1360628547998886
2022-10-26 10:25:01,7.127486347043014
2022-10-26 10:26:01,6.928052998028482
2022-10-26 10:27:01,6.741931918183977
2022-10-26 10:28:01,6.470463423527529
2022-10-26 10:29:01,7.943476722987612
2022-10-26 10:30:01,9.14399467295059
2022-10-26 10:31:01,9.925501415144751
2022-10-26 10:32:01,10.107864507785052
2022-10-26 10:33:01,9.901461503247695
2022-10-26 10:34:01,9.134577837195542
2022-10-26 10:35:01,8.02568972560844
2022-10-26 10:36:01,6.391285290840576
2022-10-26 10:37:01,2.081950940252603
2022-10-26 10:38:01,2.003233996731799
2022-10-26 10:39:01,2.004935776656157
2022-10-26 10:40:01,1.9971851902723703
2022-10-26 10:41:01,2.0180328315463965
2022-10-26 10:42:01,2.012109776296992
2022-10-26 10:43:01,2.078088386643072
2022-10-26 10:44:01,6.454781081101038
2022-10-26 10:45:01,6.68760348011023
2022-10-26 10:46:01,6.9272137053261496
2022-10-26 10:47:01,7.151618666815278
2022-10-26 10:48:01,7.128584650293352
2022-10-26 10:49:01,8.666408414146552
2022-10-26 10:50:01,8.22078444387491
2022-10-26 10:51:01,7.793678325429512
2022-10-26 10:52:01,7.286786688758418
2022-10-26 10:53:01,8.628779293615503
2022-10-26 10:54:01,9.74459420988388
2022-10-26 10:55:01,10.380197562590824
2022-10-26 10:56:01,10.456174416929588
2022-10-26 10:57:01,10.172617619160912
2022-10-26 10:58:01,9.38831186434185
2022-10-26 10:59:01,8.181012952231013
2022-10-26 11:00:01,6.56374518019968
2022-10-26 11:01:01,2.2522151624733
2022-10-26 11:02:01,2.1369559719789657
2022-10-26 11:03:01,2.11194395250726
2022-10-26 11:04:01,2.077299458567501
2022-10-26 11:05:01,2.069120370994765
2022-10-26 11:06:01,2.094116918374372
2022-10-26 11:07:01,2.0752597433745152
2022-10-26 11:08:01,6.406499811754009
2022-10-26 11:09:01,6.747083743062559
2022-10-26 11:10:01,6.935979251262837
2022-10-26 11:11:01,7.104909070763305
2022-10-26 11:12:01,7.142388027854656
2022-10-26 11:13:01,7.084596928997785
2022-10-26 11:14:01,6.99803791408803
2022-10-26 11:15:01,6.739538919767744
2022-10-26 11:16:01,6.402472579164039
2022-10-26 11:17:01,7.96984432667355
2022-10-26 11:18:01,9.178235417540646
2022-10-26 11:19:01,9.816748122391411
2022-10-26 11:20:01,10.118787649112107
2022-10-26 11:21:01,9.889885804261818
2022-10-26 11:22:01,9.221329349931748
2022-10-26 11:23:01,8.010691427946714
2022-10-26 11:24:01,6.447202567801995
2022-10-26 11:25:01,2.0980663192972573
2022-10-26 11:26:01,1.9930033032665149
2022-10-26 11:27:01,1.996719540012876
2022-10-26 11:28:01,2.040099233928536
2022-10-26 11:29:01,2.033002708192297
2022-10-26 11:30:01,2.0585032095560525
2022-10-26 11:31:01,2.083311510560581
2022-10-26 11:32:01,6.442833896125448
2022-10-26 11:33:01,6.7386456693881644
2022-10-26 11:34:01,6.916559918504979
2022-10-26 11:35:01,7.070486089350892
2022-10-26 11:36:01,7.083337961374062
2022-10-26 11:37:01,7.058824886807261
2022-10-26 11:38:01,6.984234856231282
2022-10-26 11:39:01,6.730307646765605
2022-10-26 11:40:01,6.461086702526494
2022-10-26 11:41:01,7.977798866235521
2022-10-26 11:42:01,9.129979583294174
2022-10-26 11:43:01,9.841945512188005
2022-10-26 11:44:01,10.1089393733679
2022-10-26 11:45:01,9.877773998768047
2022-10-26 11:46:01,9.159082907479473
2022-10-26 11:47:01,7.978237650291136
2022-10-26 11:48:01,6.462998431938298
2022-10-26 11:49:01,2.037261269574432
2022-10-26 11:50:01,2.076463181762255
2022-10-26 11:51:01,1.9949777085599087
2022-10-26 11:52:01,2.050757940864892
2022-10-26 11:53:01,2.043976540020253
2022-10-26 11:54:01,1.9945155209944787
2022-10-26 11:55:01,2.1052120375360968
2022-10-26 11:56:01,6.473682507055154
2022-10-26 11:57:01,6.774159376688415
2022-10-26 11:58:01,6.9260661493429945
2022-10-26 11:59:01,7.083633631907332
2022-10-26 12:00:01,7.142403420944522
2022-10-26 12:01:01,7.1004205740572734
2022-10-26 12:02:01,6.961568638627749
2022-10-26 12:03:01,6.723862300006293
2022-10-26 12:04:01,6.473785694830848
2022-10-26 12:05:01,8.005094250304035
2022-10-26 12:06:01,9.13784061558387
2022-10-26 12:07:01,9.849640972133544
2022-10-26 12:08:01,10.100050918335048
2022-10-26 12:09:01,9.914171702161426
2022-10-26 12:10:01,9.171148424389983
2022-10-26 12:11:01,7.974917117838911
2022-10-26 12:12:01,6.438490395344301
2022-10-26 12:13:01,2.030772984339136
2022-10-26 12:14:01,2.048884006272372
2022-10-26 12:15:01,1.9940450979781963
2022-10-26 12:16:01,2.026976279631323
2022-10-26 12:17:01,2.0654155500099
2022-10-26 12:18:01,2.022161652661848
2022-10-26 12:19:01,2.091214929397639
2022-10-26 12:20:01,6.47471730298344
2022-10-26 12:21:01,6.743986331170191
2022-10-26 12:22:01,6.934359157562515
2022-10-26 12:23:01,7.079517532630639
2022-10-26 12:24:01,7.151242106448676
2022-10-26 12:25:01,7.087162870483087
2022-10-26 12:26:01,6.950136717345604
2022-10-26 12:27:01,6.772300545647727
2022-10-26 12:28:01,6.460549822839598
2022-10-26 12:29:01,7.940147518531837
2022-10-26 12:30:01,9.162366316762338
2022-10-26 12:31:01,9.902589380244306
2022-10-26 12:32:01,10.085723555194123
2022-10-26 12:33:01,9.806120039262764
2022-10-26 12:34:01,9.112325169911488
2022-10-26 12:35:01,7.973398420360417
2022-10-26 12:36:01,6.475714363204183
2022-10-26 12:37:01,2.0580451682941105
2022-10-26 12:38:01,2.069024809837863
2022-10-26 12:39:01,1.9439623008118527
2022-10-26 12:40:01,2.028570698614899
2022-10-26 12:41:01,2.018611139781984
2022-10-26 12:42:01,2.115488402373262
2022-10-26 12:43:01,2.028249996329799
2022-10-26 12:44:01,6.445304142532505
2022-10-26 12:45:01,6.681386124065548
2022-10-26 12:46:01,6.934542728035087
2022-10-26 12:47:01,7.029126623346774
2022-10-26 12:48:01,7.192503657294168
2022-10-26 12:49:01,7.069574466770552
2022-10-26 12:50:01,6.944862336225561
2022-10-26 12:51:01,6.737289644354654
2022-10-26 12:52:01,6.412089405222151
2022-10-26 12:53:01,8.008847193672596
2022-10-26 12:54:01,9.163585219511305
2022-10-26 12:55:01,9.90259624469322
2022-10-26 12:56:01,10.08725968451594
2022-10-26 12:57:01,9.909197192716215
2022-10-26 12:58:01,9.175133918418108
2022-10-26 12:59:01,7.970457167942905
2022-10-26 13:00:01,6.473226911054942
2022-10-26 13:01:01,2.093909461885345
2022-10-26 13:02:01,2.0055068176694726
2022-10-26 13:03:01,2.026205177520077
2022-10-26 13:04:01,2.00967183351804
2022-10-26 13:05:01,2.034331587611422
2022-10-26 13:06:01,2.0841199010508134
2022-10-26 13:07:01,2.036728036298311
2022-10-26 13:08:01,6.433387559115184
2022-10-26 13:09:01,6.714633368887271
2022-10-26 13:10:01,6.928622966054403
2022-10-26 13:11:01,7.056423763955542
2022-10-26 13:12:01,7.12648088678344
2022-10-26 13:13:01,7.096891965347112
2022-10-26 13:14:01,6.962598786663323
2022-10-26 13:15:01,6.745097537128713
2022-10-26 13:16:01,6.465665896357237
2022-10-26 13:17:01,8.049555686307572
2022-10-26 13:18:01,9.149412026138677
2022-10-26 13:19:01,9.906648152383344
2022-10-26 13:20:01,10.15367996842366
2022-10-26 13:21:01,9.92942750348322
2022-10-26 13:22:01,9.162310206244443
2022-10-26 13:23:01,7.953055451745559
2022-10-26 13:24:01,6.45647873252628
2022-10-26 13:25:01,2.0942194895211936
2022-10-26 13:26:01,2.078738313854969
2022-10-26 13:27:01,2.0064435043759
2022-10-26 13:28:01,2.063062834679799
2022-10-26 13:29:01,2.032882209180237
2022-10-26 13:30:01,2.079623593699611
2022-10-26 13:31:01,2.0962145926964104
2022-10-26 13:32:01,6.451328759223434
2022-10-26 13:33:01,6.747260341635855
2022-10-26 13:34:01,6.97310564092852
2022-10-26 13:35:01,7.140832872544516
2022-10-26 13:36:01,7.064870665804779
2022-10-26 13:37:01,8.275463698796516
2022-10-26 13:38:01,7.896112862391522
2022-10-26 13:39:01,7.48852139372534
2022-10-26 13:40:01,6.979752165834217
2022-10-26 13:41:01,8.478652967904683
2022-10-26 13:42:01,9.528258110841376
2022-10-26 13:43:01,10.160509984952736
2022-10-26 13:44:01,10.373843220795116
2022-10-26 13:45:01,10.065752745508442
2022-10-26 13:46:01,9.252168356817004
2022-10-26 13:47:01,8.10837818401471
2022-10-26 13:48:01,6.566803944625512
2022-10-26 13:49:01,2.152055199062995
2022-10-26 13:50:01,2.1278030268002968
2022-10-26 13:51:01,2.088615119068056
2022-10-26 13:52:01,2.0988103674091763
2022-10-26 13:53:01,2.0637035590747246
2022-10-26 13:54:01,2.105937681348623
2022-10-26 13:55:01,2.0996853080898217
2022-10-26 13:56:01,6.524591217290671
2022-10-26 13:57:01,6.741667151331004
2022-10-26 13:58:01,6.944209442330982
2022-10-26 13:59:01,7.088700632604503
2022-10-26 14:00:01,7.111456496830685
2022-10-26 14:01:01,7.051208645483719
2022-10-26 14:02:01,6.980337031526108
2022-10-26 14:03:01,6.653118588677756
2022-10-26 14:04:01,6.430246636350752
2022-10-26 14:05:01,7.942082880245843
2022-10-26 14:06:01,9.15333492432718
2022-10-26 14:07:01,9.813710826579303
2022-10-26 14:08:01,10.144268884490057
2022-10-26 14:09:01,9.898622155233506
2022-10-26 14:10:01,9.09917539301524
2022-10-26 14:11:01,7.98661313170324
2022-10-26 14:12:01,6.465204829522688
2022-10-26 14:13:01,2.117189651874215
2022-10-26 14:14:01,2.0124339059399405
2022-10-26 14:15:01,1.9865154324277972
2022-10-26 14:16:01,2.07226168696488
2022-10-26 14:17:01,2.01013833106557
2022-10-26 14:18:01,2.040658761258905
2022-10-26 14:19:01,2.1079309055972173
2022-10-26 14:20:01,6.41456868548488
2022-10-26 14:21:01,6.734246861117344
2022-10-26 14:22:01,6.981663121838455
2022-10-26 14:23:01,7.041394856471793
2022-10-26 14:24:01,7.112338384355111
2022-10-26 14:25:01,7.050291222480539
2022-10-26 14:26:01,6.931822008371652
2022-10-26 14:27:01,6.777983835089991
2022-10-26 14:28:01,6.4920490512832085
2022-10-26 14:29:01,7.98876187249682
2022-10-26 14:30:01,9.164180423940044
2022-10-26 14:31:01,9.8940368304964
2022-10-26 14:32:01,10.107460246803592
2022-10-26 14:33:01,9.886113007213742
2022-10-26 14:34:01,9.10950937508956
2022-10-26 14:35:01,7.952501188141838
2022-10-26 14:36:01,6.44760105426648
2022-10-26 14:37:01,2.0577286260169174
2022-10-26 14:38:01,2.018973144745276
2022-10-26 14:39:01,2.0141603564852164
2022-10-26 14:40:01,2.0623349239901883
2022-10-26 14:41:01,2.082310848202924
2022-10-26 14:42:01,2.056336900204995
2022-10-26 14:43:01,2.1072617862307776
2022-10-26 14:44:01,6.4336175920033
2022-10-26 14:45:01,6.681146603488589
2022-10-26 14:46:01,6.929011557435253
2022-10-26 14:47:01,7.075694264419643
2022-10-26 14:48:01,7.132492437583119
2022-10-26 14:49:01,7.081995042392452
2022-10-26 14:50:01,6.947527340212575
2022-10-26 14:51:01,6.726116222626602
2022-10-26 14:52:01,6.461157216650229
2022-10-26 14:53:01,7.941056986613843
2022-10-26 14:54:01,9.173225064328529
2022-10-26 14:55:01,9.86225143656418
2022-10-26 14:56:01,10.19059544117064
2022-10-26 14:57:01,9.870462307179087
2022-10-26 14:58:01,9.13491753099183
2022-10-26 14:59:01,7.965332582349366
2022-10-26 15:00:01,6.437054496584457
2022-10-26 15:01:01,2.1087305385883144
2022-10-26 15:02:01,2.0568429892452205
2022-10-26 15:03:01,2.066086364556113
2022-10-26 15:04:01,2.042834427280146
2022-10-26 15:05:01,2.037498520215834
2022-10-26 15:06:01,2.0694595689648723
2022-10-26 15:07:01,2.1266435986452548
2022-10-26 15:08:01,6.471180780155397
2022-10-26 15:09:01,6.752490295949156
2022-10-26 15:10:01,6.969457165569309
2022-10-26 15:11:01,7.051321763550669
2022-10-26 15:12:01,7.206372024448113
2022-10-26 15:13:01,7.101825925702396
2022-10-26 15:14:01,6.975772020605741
2022-10-26 15:15:01,6.743452350829135
2022-10-26 15:16:01,6.382872239836965
2022-10-26 15:17:01,7.974971405642536
2022-10-26 15:18:01,9.152399598376132
2022-10-26 15:19:01,9.856114855925505
2022-10-26 15:20:01,10.104593949133106
2022-10-26 15:21:01,9.870702289421416
2022-10-26 15:22:01,9.173426765030156
2022-10-26 15:23:01,8.020843914581265
2022-10-26 15:24:01,6.457247602431394
2022-10-26 15:25:01,2.074450494065731
